Branch Name,Branch Location
"Safeer Mall","Sheikh Khalifa Bin Zayed Street, Ajman"
"ADNOC Al Rumailah 590","Sheikh Rashid Bin Hamid Street, Ajman"
"Ajman Main Branch","Emirates NBD Building, Sheikh Rashid Bin Humaid St, Al Sawan, Ajman"
"ADNOC Shaab Club 574","Al Kuwait Street, Sharjah"
"ADNOC Al Maha 591","Mohammed Salem Bu Khamis Street, Liwara 1, Ajman"
"Ajman City Centre Branch","Ground Floor, Ajman City Centre, Ittihad Road, Jurf Industrial 3, Ajman"
"EPPCO 212 Khalifa Hospital","Industrial Area 1, Sheikh Maktoum Bin Rashid Street, Ajman"
"Factory Mall","Beirut Street, Industrial Area 2, Ajman"
"Matajer Al Quoz Branch","Ground Floor, Matajer Al Qouz Mall, Al Quoz area, Sharjah"
"ADNOC Al Arouba 192","Al Sharq, Al Qulaya'ah, Al Sharq Street, Sharjah"
"The Galleria Hayat Regency","Deira - Al Khaleej Road, Dubai"
"My City Centre Nasseriya 1","Al Nasserya, Sheikh Sultan Bin Saqr Al Qasimi Street"
"Hashim Hypermarket, Ajman","Sheikh Maktoum Bin Rashid Street, Ajman Industrial 1, Ajman"
"My City Centre Nasseriya 2","Al Nasserya, Sheikh Sultan Bin Saqr Al Qasimi Street"
"Ainas Al Madina Hypermarket","Gharnatah Street, Ajman Industrial 1, Ajman"
"Oasis Mall","Al Ghubaiba, Al Wahda Street, Sharjah"
"Muwafjah, Emarat","Muwafjah, Sheikh Mohammed Bin Zayed Road, Sharjah"
"Sharjah Central","Samnan -Sheikh Rashid Bin Saqr Al Qasimi Road"
"Matajer Al Musalla","Al Zahra Street, Sharjah"
"Al Razouki Exchange, Rolla","Al Ghuwair, Al Ghuwair Street, Sharjah"
"Mega Mall","Bu Daniq, King Abdul Aziz Street , Sharjah"
"Al Hooth Hypermarket","Al Hamidiya 1 , Sheikh Ammar Bin Humaid Road, Ajman"
"Tasheel  Abu Shagara","King Abdul Aziz Street, Al Bu Daniq, Sharjah"
"Sharjah Central Souq - Gold Souq","Al Majaz 1 - Street 8, Sharjah"
"Citylife - Al Jurf","Al Jurf, Ajman"
"Sharjah Main Branch","Ground Floor, Emirates NBD Building, Immigration Road, Al Qassimia Area, Sharjah"
"ENOC 1178","Muweilah, Sheikh Mohammed Bin Zayed Road, Sharjah"
"Sharjah Mega Mall","Al Estiqlal Street, Sharjah"
"ADNOC Al Shahba (769)","Al Shahba, University City Road"
"Al Zahia City Centre Branch","Ground Floor, City Centre Al Zahia, Sheikh Mohammad Bin Zayed Road, Sharjah"
"Ramez Mall","Industrial Area 5, University City Road, Sharjah"
"Tawjeeh Centre Sharjah Industrial 6","Sheikh Khalifa Bin Zayed Road, Industrial Area 6, Sharjah"
"Al Rawda, Emarat","Sheikh Ammar Bin Humaid Street"
"Spinneys King Faisal Road","Al Majaz 1 - King Faisal Road, Sharjah"
"Amber Madina Abu Shagara","Al Qasimia , King Faisal Road, Sharjah"
"ADNOC Al Madar 570","First Industrial Street, Sharjah"
"Sharjah City Center Branch","1st Floor, Sharjah City Center, Al Wahda Street, Sharjah"
"City Farms Hypermarket","Al Majaz - Al Majaz 3 - Sharjah"
"Al Fardan Center","Corniche Street, Al Majaz, Sharjah"
"Al Kabayel, Al Jerf","Sheikh Mohammed bin Rashid Al Maktoum Street, Al Jerf Industrial 1, Ajman"
"Azhar Al Madina","Third Industrial Street, Sharjah"
"Ramez Hypermarket","Industrial Area 13, Shaikh Mohammed bin Zayed Road, Sharjah"
"Amber Hypermarket – Jamal Abdul Nasir","Al Majaz , Jamal Abdul Nasir Street, Sharjah"
"Amber Hypermarket - Al Taawun","Al Taawun, Al Taawun Road, Sharjah"
"ADNOC Emirates Road 761","Industrial Area 11, Sheikh Mohammed Bin Zayed Road, Sharjah"
"EPPCO 84 Al Qusais Industrial Area 4","Al Qusais Industrial Area 4 - Damascus Street, Dubai"
"ENOC 1121 Al Nahda Street","Industrial Area 3, Al Nahda Street, Sharjah"
"ADNOC Al Dorra 573","Al Nahda, Al Ittihad Street, Sharjah"
"Tasjeel Qusais 751","Al Qusais Industrial Area 5, Beirut Street, Dubai"
"Abraj Al Nahda","Al Nahda, Bukhara Street, Sharjah"
"Sahara Mall Branch","Unit 1 C, Basement Parking, Sahara Centre,Al Ittihad Street, Al Nahda Area, Sharjah"
"EPPCO 80 Al Qusais Industrial Area 1","Al Qusais Industrial Area 1, Damascus Street, Dubai"
"Nesto Arab Mall","Al Taawun Road, Sharjah"
"Wasl Village","Al Qusais ,Industrial Area 5, Dubai"
"Qarayen, Emarat","Al Qarayen 5, 28 Street"
"ENOC 1049 Zulekha Hospital","204th St, Near Zulekha Hospital, Al Qusais, Dubai"
"Abraj Al Taawun","Al Taawun, Al Taawun Street, Sharjah"
"Madinat Al Qusais","Near Cattle Market, Next to EPPCO Petrol Station, Muhaisnah, Dubai"
"Mamzar Beach","106 th St, Drive thru ATM at Mamzar Beach, Deira, Dubai"
"Talal Belhoul - Amer Al Muhaisnah 2","Muhaisnah 4 - 17 A Street, Dubai"
"Emarat Taqaniya","Amman Street, Near NMC Hospital, Al Qusais, Dubai"
"Nesto Mia Mall","Al Nahda - Al Nahda street, Sharjah"
"Union Coop Nahda Mall","Al Nahda, Amman Street, Dubai"
"Ministry Of Human Resources & Emiratisation","Al Qusais 1 - Baghdad Street, Dubai"
"ADNOC Al Qusais 519","Al Qusais -Shaikh Mohammed bin Zayed Road, Dubai, United Arab Emirates"
"Grand Hyper Market Sonapur","Muhaisnah 2, Algeria Street, Dubai"
"Bin Shabib Mall","Baghdad Street, Al Qusais Industrial Area 1, Dubai"
"Al Qusais Branch","Damascus St, Near Dubai Grand Hotel, Al Qusais, Dubai"
"ENOC Accommodation Al Muheisnah","37th Street, Behind Orange Supermarket, Sonapur, Al Muheisnah, Dubai"
"Century Mall","Near Al Rasheed Road and Al Waheeda Road, Dubai"
"Al Qiyadah Branch","Al Ittihad Rd, next to Dubai Police Head Quarters, Dubai"
"DEWA Twar Center","Al Twar 2, Al Nahda Street, Dubai"
"Horizon Exchange","Muhaisnah 2 - Street 28"
"Union Coop Al Twar","Al Twar 1, Al Nahda Street, Dubai"
"Al Twar Centre","Al Qusais 2 - Al Nahda Road, Dubai"
"Al Hamriya Customs Building","Deira - Al Khaleej Road, Dubai"
"ADNOC Al Rahmania 238","Al Rahmania, Kshishah 3, Abu Amr Al Basri Street"
"Al Qusais Colony","Al Qusais, Al Nahda Street, Dubai"
"ENOC 1608","Al Twar, Al Quds Street, Dubai"
"Fly Dubai","Dubai International Airport - Airport Road, Dubai"
"Union Coop Abu Hail","Abu Hail, Al Hamriya Street, Dubai"
"EPPCO 36 Abu Hail Health Center","Abu Hail, Al Rasheed Road, Dubai"
"Abu Hail Centre","Al Quds St Intersection with 22 A St, Near Ramada Hotel, Deira, Dubai"
"Emirates Engineering","Al Quds Street, Dubai Airport Free Zone, Al Qusais, Dubai"
"Al Twar Branch","Dubai Airport Free Zone, East Admin Bldg, Ground Floor, Al Twar Area, Al Qusais, Dubai"
"Hamriya Branch","Ground Floor, Union Cooperative Hyper Market, Hamriya Shopping Complex, Hor Al Anz, Dubai"
"Waterfront Market","Deira - Al Khaleej Road, Dubai"
"Mizher Mall Branch","Mizher Mall, Al Mizher First Area, Dubai."
"Al Fardan Exchange, Hor Al Anz","30 B Street"
"Dubai Airport Free Zone","Next to Terminal 2 - Damascus St, Dubai"
"Emirates Group Security - DAFZA","DAFZA - Al Quds Street, Dubai"
"ENOC 1609","Al Twar, Al Quds Street"
"ENOC1103 Mazairah / Al Rahmaniya","Mazairah, Al Rahmaniya Mazairah Road, Sharjah"
"Dubai Hospital","Al Baraha, Al Khaleej Street, Dubai"
"Al Muraqqabat Branch","Emirates NBD Building, Mezzanine Floor, Hor Al Anz Road, Dubai"
"Arabian Centre","Al Khawaneej Street, Al Mizhar, Al Mizhar 1, Dubai"
"Union Coop Etihad Mall","Al Muhaisnah 1, Al Khawaneej Street, Dubai"
"Al Owais Cultural Foundation","Al Riqqa Road, Next to ADCB Branch, Deira, Dubai"
"Dubai Airport T3 Branch","Dubai Airport Terminal 3 Departure, Airport Road, Dubai"
"Mall of Umm Al Quwain","King Faisal St, Umm Al Quwain"
"Emirates Airline HQ Branch","Second Floor Atrium, Emirates Group Headquarters, Airport Road, Dubai"
"Grand Hypermarket","Riqqa Road, Opposite CBI Bank, Deira, Dubai"
"Emarat Al Arabi","Al Mizhar, Al Khawaneej Street, Dubai"
"Hi Phone Telecom","Al Salamah 1, E11 street, Umm Al Quwain"
"Terminal 3 - Arrival","Airport Rd, Airport Arrival Terminal 3 ATM 1, Dubai"
"EK Head Quarters","Garhoud, Airport Road, Dubai"
"DDF Terminal 3","Dubai Duty Free Terminal 3, Exchange Counter, ATM-4, Dubai"
"The Emirates Group, Technology Centre","Al Khabaisi, Al Ittihad Road, Dubai"
"Emirates Flight Catering (Abela) (Refurbished)","Besides Cargo Village, Garhoud Area, Near Airport Terminal 1, Deira, Dubai"
"Al Razouki Exchange, Al Murar","Naid Street"
"Terminal 3 - Duty Free","Airport Rd, Duty Free ATM 3, Dubai"
"Communication World","Deira - Omar Bin Al Khattab Street, Dubai"
"DEWA Deira Office Burj Nahar","Muteena, Omar Bin Al Khattab Street, Dubai"
"Al Ghurair Centre","Al Ghurair Centre - Al Rigga Road, Dubai, United Arab Emirates"
"Al Amal, Emarat","Al Rahmaniya, Emirates Road, Sharjah"
"Dubai Airport Terminal 1- Arrivals","Dubai international airport, airport road, Dubai"
"Mirdiff Avenue Mall","Street 78, Dubai"
"Warba Centre","2 B St, Behind Murraqabat Police Station, Opposite J.W Marriot Hotel, Deira, Dubai"
"Emirates Airline HQ Branch","Second Floor Atrium, Emirates Group Headquarters, Airport Road, Dubai"
"Bin Sougat Centre","Al Rashidiya, Airport Road, Dubai"
"Emarat Al Rashidiya","Al Rashidiya, 12th Street, Dubai"
"Group Head Office Branch","Ground Floor, Emirates NBD Group Head Office, Baniyas Road, Deira, Dubai"
"Al Mostawdaat, Emarat","Warehouses Land, Maleha Street, Sharjah"
"Naif Police Station","Sikkat Al Khail Road, Near Naif Police Station, Deira, Dubai"
"Emirates Aviation College - Building B","Garhoud - 31 A Street, Dubai"
"Dubai Chamber Of Commerce & Industry","Port Saeed - Baniyas Road, Dubai"
"Reef Mall","Salahuddin Road, Next to Main Entrance, Deira, Dubai"
"Al Owais Tower","Al Sabkha Street, Deira, Dubai"
"Al Bustan Hotel","10th Street, Next to Airport Hotel, Garhoud Area, Deira, Dubai"
"Deira City Centre Branch","Ground Floor, Deira City Centre, Al Ittihad Road, Dubai"
"One Deira Mall","Al Khaleej St., Dubai"
"Nad Rashid Market","Al Rashidiya - 33 A Street, Dubai"
"Deira Branch","Ground Floor, new Emirates NBD Building at Abra Rd, Deira, Dubai"
"Malabar Supermarket Deira","Naif - 12 B Street, Dubai"
"ENOC 1635","Al Khawaneej 2, Dubai"
"The Airport Hotel (Millenium)","Opposite Al Bustan Hotel, Al Garhoud Area - Casablanca Road, Dubai"
"Dubai Sports Society","12th Street, Mirdiff, Dubai"
"Deira Branch","Ground Floor, new Emirates NBD Building at Abra Rd, Deira, Dubai"
"Al Tayer Motors Garhoud","Garhoud - 2nd Street, Dubai"
"Rashidiya Branch","Rashidiya Central Market, Rashidiya, Dubai"
"Group Head Office Branch","Ground Floor, Emirates NBD Group Head Office, Baniyas Road, Deira, Dubai"
"Dubai Commercity","17th Street, Umm Ramool, Dubai"
"Deira City Centre Level 2","Port Saeed, Baniyas Road, Dubai"
"Dubai Courts Umm Ramool","Garhoud, 5th Street, Dubai"
"Abaya Mall","Mirdif - 24 B Street, Dubai"
"Al Fahidi Branch","Al Fahidi St, Bur Dubai, Dubai"
"Dubai Courts Branch","Ground Floor, Dubai Courts, Riyadh Road, Dubai"
"Rashid Hospital","Umm Hurair, Al Ittihad Road, Dubai"
"Safeer Hypermarket - Umm Al Quwain","Al Qraun 2, Al Qarayen Street, Umm Al Quwain"
"Bank Street Branch","Ground Floor, Burjuman Shopping Center, Khalid Bin Waleed Street, Bur Dubai, Dubai"
"Dubai Media Inc","Oud Metha Road, Next to Maktoum Bridge, Next to Rashid Hospital & Dubai Courts, Dubai"
"Gold Souk","Al Khor Street, Opposite Gold Souq Main Bus Stop, Deira, Dubai"
"Mirdiff City Centre","Mirdif - Sheikh Mohammed Bin Zayed Road, Dubai"
"Mirdif City Centre Branch","Ground Floor, North Entrance, Mirdif City Centre, Dubai"
"ADNOC Mirdif Ghoroob 378","Mirdif, Algeria Street, Dubai"
"ADNOC AL Kashafa 694","Al Bedea Suburb, Emirates Road, Sharjah"
"Union Coop UAQ","Al Salamah, Al Waha Street, Umm Al Quwain"
"Dubai Creek Golf & Yacht Club","Opposite Deira City Centre, Near Park Hyatt Hotel, Deira, Dubai"
"ADNOC Al Khawaneej 527","Al Khawaneej 1, Al Khawaneej Street"
"Dubai Health HQ","Umm Hurair, Al Ittihad Road, Dubai"
"Union Coop Al Warqa","Al Warqa 3, Tripoli Street, Dubai"
"Amer Dubai National General Services","Al Fahidi - 41st Street, Dubai"
"ADNOC Al Warqa 533","Al Warqa 3, Nouakchott Street"
"Arenco Golden Sands 8","10 B Street, Bur Dubai, Dubai"
"American Hospital BED Tower","19th Street, Oud Metha, Dubai"
"DHCC Building 14","Umm Hurair, Dubai"
"Central Mall Bur Dubai","Khalid Bin Al Waleed Road, Dubai"
"Dr. Sulaiman Al Habib Medical Centre","26th St, Opposite Wafi Residence, Dubai Health Care City, Dubai"
"American Hospital","19th Street, Opposite Movenpick Hotel Bur Dubai, Oud Metha Area, Dubai"
"Gulf Tower","20th Street, Dubai"
"Dubai Festival City Branch","Ground Floor, Dubai Festival Mall, IKEA Building, Al Badia, Dubai"
"Burjuman","Al Mankhool, Bur Dubai, Khaled Ben Al Waleed Street, Dubai"
"Talal Market, Bur Dubai","Al Esbij Street, Dubai"
"Choithram Karama","Al Karama - 18 A Street, Dubai"
"Spinneys","28 B Street, Golden Sands Area, Near Burjuman, Bur Dubai, Dubai"
"Al Attar Shopping Complex","Kuwait Street, Next to Karama Centre, Karama, Dubai"
"Dubai Health Care city - Building 64","Umm Hurair 2 - 20th Street, Dubai"
"Waterfront DFC","Al Rebat St, Opposite Grand Cinema, Level 2, Dubai Festival City, Dubai"
"Oud Metha Branch","Ground Floor, Gulf Residence Building, Oud Metha Road, Dubai"
"Grand Hyatt Hotel","Sheikh Rashid Rd, Near Grand Cineplex and Wafi City, Dubai"
"Aswaaq Al Warqaa","Algeria Street, Next to Mirdiff City Centre, Al Warqa, Dubai"
"Al Jalila Hospital","Al Jaddaf, Oud Metha Road, Dubai"
"Al Mankhool Branch","Nashwan Building, Al Mankhool Rd, Dubai"
"Winnys Restaurant","20B Street, Opposite Karama Fish Market, Karama, Dubai"
"Manazel Emirates Accommodation","Al Raffa, Kuwait Street, Dubai"
"DEWA Head Office","Umm Hurair 2, Sheikh Rashid Road, Dubai"
"ENOC 1061 Al Warqa","Al Warqa, Sheikh Mohammed Bin Zayed Road, Dubai"
"Marina Cubes-Mina Rashid Marina","Port Rashid - Marina Cubes Street, Dubai"
"ENOC 1036 Nadd Al Hamar","Nad Al Hamar, Sheikh Mohamed Bin Zayed Road, Dubai"
"Emirates National Oil Company (ENOC)","Oud Metha -10th Street, Dubai"
"Police Club","Sheikh Rashid Road, Garhoud Area, Opposite of Grand Hyatt, Dubai"
"Latifa Hospital","Al Jaddaf, Oud Metha Road, Dubai"
"International Modern Hospital","Al Raffa, Sheikh Rashid Road, Dubai"
"Dubai Ports & Customs Offices","Al Mina Road, Bur Dubai, Dubai"
"Wafi Mall Branch","Ground Floor, Atrium, Wafi Mall, Al Garhoud, Dubai"
"Dubai Dry Docks","Al Mina - Jumeirah Street, Dubai"
"Bin Haider Al Jaffiliya","Ground Floor, Street 35, Al Jafiliya, Dubai – UAE"
"Basma, Emarat","Emirates Road"
"Aswaaq Nadd Al Hamar","24B Street, Aswaaq Center, Behind G4S Office, Nad Al Hammar, Dubai"
"ENOC 1602","Al Awir, Emirates Road, Dubai"
"Umm Al Quwain Branch","King Faisal Road, Al Raas B, Umm Al Quwain, Near Umm Al Quwain Hospital, Umm Al Quwain"
"DEWA Hudaiba","Al Hudaiba - 8 B Street, Dubai"
"Al Suyoh, Emarat","Al Rigayba 1, Maleha Street"
"Nad Al Hamar Mall Union Coop","Nad Al Hamar, Dubai"
"Dragon Mart, CDM","International City, Al Awir Road , Dubai"
"Convention Center","Ground Floor, Convention Center Building, World Trade Center, Sheikh Zayed Road, Dubai"
"Burj Al Salam","Trade Centre 1 - Sheikh Zayed Road, Dubai"
"One & Only One Zaabeel","Zabeel, Zaa'beel Palace Street, Dubai"
"ADNOC Al Riqaibah 632","Al Riqaibah 1, Al Riyadh Street, Sharjah"
"Etihad Museum","Al Mina -Jumeirah Street, Dubai"
"Dragon Mart ATM","International City, Al Awir Road, Dubai"
"Bloom Market","Ras Al Khor - Street 18, Dubai"
"Monarch Business Tower","Al Diyafah Street, The Monarch Office Tower, Near Trade Center Interchange, Dubai"
"Ras Al Khor Branch","Civil Defense Bldg, Ras Al Khor Fruit & Vegetable Market, Al Aweer, Dubai"
"Nesto Hypermarket, Satwa","12 A Street, Dubai"
"Al Satwa Branch","2nd Floor, Al Badaa St, Satwa Road, Dubai"
"Dragon Mart-1","International City, Al Awir Road, Dubai"
"Marhaba Mall","Ras Al Khor Industrial Area - Ras Al Khor Road, Dubai"
"Emirates Towers Branch","Upper Level, The Boulevard, Emirates Towers , Sheikh Zayed Road, Dubai"
"DWTC Residence","Sheikh Zayed Rd, Between Trade Centre and Emirates Towers, Dubai"
"Union Coop Al Aweer, RKB","Ras Al Khor, 18th Street, Dubai"
"Spinneys - Jumeira Beach Road","Jumeira Beach Road, Dubai"
"Emirates Towers Branch","Upper Level, The Boulevard, Emirates Towers , Sheikh Zayed Road, Dubai"
"International City Russia Building V22","International City, Al Awir Road, Dubai"
"Iranian Hospital","Al Wasl Road, Al Badaa, Dubai"
"Holiday Inn Crown Plaza","Sheikh Zayed Road, Dubai"
"Sheikh Zayed Road Branch","Ground Floor, Saeed Tower, Sheikh Zayed Rd, Dubai"
"Dubai International Financial Centre","DIFC, Near Emirates Towers, Sheikh Zayed Road, Dubai"
"Mowraddah, Emarat","Al Suyoh, Cairo Street, Sharjah"
"Spinneys Jumeirah Street","Jumeirah 1- Jumeirah Street, Dubai"
"Union Coop Al Wasl, SZR","Al Satwa, Sheikh Zayed Road, Dubai"
"The Fresh Market","Ras Al Khor Industrial Area 3 - Sheikh Mohammed Bin Zayed Road, Dubai"
"Aweer, Emarat","Al Aweer, Al Awir Road, Dubai"
"International City","France R09, International City Police Station, Dubai"
"Building Materials Mall","Warsan 3, Dubai"
"Sharjah AlSuyouh Branch","Ground Floor, Suyoh Mall, Maleha Road, Sharjah"
"International City Pavilion","International City, Manama Street, Dubai"
"The Ritz-Carlton Hotel","Near to Dubai International Financial Centre - Sheikh Zayed Road, Dubai"
"Dubai Petroleum Establishment","Al Satwa - Al Safa Street, Dubai"
"Al Aweer Branch","Emirates NBD Building, Al Aweer Area, Oman-Hatta Road, Dubai"
"Dubai Design District Branch","Shop No. R01, Ground Floor, Dubai Design District, Dubai"
"Dusit Dubai Hotel","Sheikh Zayed Road, Next to 1st Interchange, Opposite Shangri-La Hotel, Dubai"
"Paramount Hotel","Business Bay, Al Abraj Street, Dubai"
"Mercato Mall","Jumeirah Road, Next to Spinneys, Dubai"
"City Walk","Al Wasl, Al Safa Street, Dubai"
"Sobha Creek Vistas","Nad Al Sheba 1, Ras Al Khor Road, Dubai"
"Jumeirah Beach Road Branch","Jumeira 1 - Jumeira Beach Road -before Mercato Mall"
"Dubai Mall Branch","Lower Ground Floor, Dubai Mall, Emaar Blvd, Dubai"
"flydubai Headquarters","Warsan 3, Emirates Road, Dubai"
"Dubai Mall Ice Skating Rink GF20","Ice Skating Rink GF20, Ground Floor, Dubai Mall, Dubai"
"Burj Khalifa Branch","1st Floor, Boulevard Plaza Tower 2, Mohammed Bin Rashid Boulevard, Dubai"
"Nad Al Shiba Branch","Dubai-Al Ain Highway, Next to EPPCO Petrol Station, Dubai"
"Dubai Mall Ice Skating Rink GF12","Downtown Dubai, Financial Center Street, Near to Ice Skating Rink, Dubai"
"Jumeirah Branch","Emirates NBD Building, Al Wasl Rd Intersection, Umm Suquiem 3, Jumeirah, Dubai"
"Town Centre","Jumeirah Road, Near Dubai Zoo, Dubai"
"Dubai Mall Branch","Emaar Blvd, Dubai"
"Al Maya Supermarket","Sheikh Zayed Rd, Opposite Etisalat Building, Behind Dusit Thani Hotel, Dubai"
"Emarat Al Jatabiyah","Bukadra, Manama Street, Dubai"
"Mandarin Oriental Jumeira Hotel","Jumeirah 1 - Jumeirah Beach Road, Dubai"
"DEWA WARSAN","Warsan 2 - Manama Street, Dubai"
"Dubai Mall LG47 - At The Top","Downtown Dubai, The Dubai Fountain Entrance, Financial Center Street, Dubai"
"Blue Bay Tower","Business Bay, Marasi Drive Street, Dubai"
"Galleria Mall - Jumeirah, Al Wasl Road","Jumeirah 1 - Al Wasl Road, Dubai"
"Meydan Q Building","Nad Al Sheba 1, Nadd Al Sheba Road, Dubai"
"ENOC 1604","Nad Al Sheba, Dubai Al Ain Road, Dubai"
"Meydan M Building","Nad Al Sheba 1, Nadd Al Sheba Road, Dubai"
"Birds and pets Market","Warsan 3, Dubai"
"Meydan P Building","Nad Al Sheba 1, Nadd Al Sheba Road, Dubai"
"Galaxy Hypermarket","International City Phase(2) - Manama Street, Dubai"
"Mazaya Centre","Sheikh Zayed Rd, At the Rear Entrance, Dubai"
"Business Bay Branch","Ground Floor, Bldg. # 2, Bay Square, Al Asayel Road, Business Bay , Dubai"
"Dubai Police Central Jail","Al Aweer, Al Aweer Road, Dubai"
"Union Coop Nad al Shiba","Nad Al Sheba 2, Nadd Al Hamar Road, Dubai"
"Dubai Ladies Club","Jumeirah 2 - Jumeirah Street, Dubai"
"EPPCO 10","Business Bay, Sheikh Zayed Road"
"Rochester University of Technology - RIT","Dubai Silicon Oasis ,Street 45, Dubai"
"Embassy Suites Business Bay","Business Bay, Marasi Drive, Dubai"
"Four Seasons Resort Dubai at Jumeirah Beach","Jumeirah 2 - Jumeirah Street, Dubai"
"Union Coop Jumeirah, Safa","Jumeirah, Al Wasl Road, Dubai"
"Dubai Silicon Oasis Branch","EG 09-10, Ground floor, Dubai Silicon Oasis Head Quarter Building, Dubai"
"Dubai Outsource Zone","Near Entrance, Next to Academic City, Dubai Outsource Zone Office, Dubai"
"Meydan 14 (Hotel)","Muscat St, D Gate Entrance, Nad Al Sheba, Dubai"
"Fakeeh Hospital, DSO","57 Street, Dubai"
"Cedre Shopping Centre","Dubai Silicon Oasis - Sheikh Zayed Bin Hamdan Al Nahyan Street, Dubai"
"Dubai Silicon Oasis - Souq Extra","Dubai Silicon Oasis - Sheikh Zayed Bin Hamdan Al Nahyan Street, Dubai"
"Union Coop Silicon Oasis","Dubai Silicon Oasis, Dubai Al Ain Road, Dubai"
"Emirates Airline Club House","Meydan South, Allday market , Dubai"
"Safa Complex","Street 16, Al Safa 1, Dubai"
"Ittihad, Emarat","Al Safa, Sheikh Zayed Road, Dubai"
"Hamdan Bin Mohammed Smart University (HBMSU)","Academic City - Sheikh Zayed Bin Hamdan Al Nahyan Street, Dubai"
"Oasis Center","Sheikh Zayed Road, Oasis Center, Near 3rd Interchange, Dubai"
"Umm Suqeim Branch","Ground Floor, Spinneys Al Wasl Branch, Umm Suquiem Road, Dubai"
"Belhasa Global Exchange","Al Quoz 4 - Al Asayel Street, Dubai"
"Al Quoz Branch","Ground Floor, Al Shafar Building, Sheikh Zayed Road, Al Quoz 1, Dubai – UAE"
"Ola Al Madina","26th Street, Behind Grand City Mall, Al Quoz, Dubai"
"DEWA Al Quoz","Al Quoz Industrial Area 1 - 6th Street, Dubai"
"West Zone Mall","Al Quoz Industrial Area 2, Dubai"
"Al Manara Center","Al Safa 2, Shiekh Zyed Road, Dubai"
"ENOC Accommodation Al Quoz","26th Street, Next to Ola Al Madina Supermarket, Al Quoz Industrial Area 2, Dubai"
"Ghadeer, Emarat","Al Manara, Al Wasl Road, Dubai"
"Shaklan 3","12th Street, Supermarket (New Shaklan), Al Quoz, Dubai"
"Union Coop Um Suqiem","Umm Suqeim 2, Al Wasl Road, Dubai"
"Engineering Office","Al Quoz Industrial 2 - 35 A Street, Dubai"
"Dubai Outlet Mall","Umm Nahad - Dubai Al Ain Road Route 66, Dubai, United Arab Emirates"
"Spinneys The Villa","The Villa - Sheikh Zayed Bin Hamdan Al Nahyan Street, Dubai"
"Times Square Center","Al Qouz, Sheikh Zayed Road, Dubai"
"ADNOC Sheikh Zayed Road 222","Al Quoz, Al Quoz Industrial Area 3, Sheikh Zayed Road, Dubai"
"Remal Mall","Majan - Shaikh Mohammed bin Zayed Road, Dubai"
"Grand City Mall","Al Quoz Industrial Area 4 - Al Marabea Street, Dubai"
"Bin Hendi, Emarat","Al Qouz, Sheikh Zayed Road, Dubai"
"Meyan Mall","Al Thanya Street, Dubai"
"ENOC 1083","Madinat Hind 2, Emirates Road, Dubai"
"ENOC 1071 Dubai Al Ain Road","Dubai Al Ain Road, Dubai, United Arab Emirates"
"Burj Al Arab Branch","Umm Suqueim 3, Opposite Jumeira Beach Hotel, Jumeira Road, Dubai"
"Al Quoz Mall 1","17 B Street, Al Quoz Industrial Area 3, Dubai"
"Amer Barsha","Al Barsha 2 - Umm Suqeim Street, Dubai"
"The Iridium","Al Barsha, Umm Suqeim Street, Dubai"
"Dubai Hills Mall Branch","Ground Floor, Parking Entrance – E, Dubai Hills Mall, Umm Suqeim Street, Hadaeq Sheikh Mohammed Bin Rashid, Dubai"
"Dubai Police Academy","Umm Al Sheif, Umm Suqeim Street, Dubai"
"Jumeirah Al Naseem Hotel","Umm Suqeim 3 - Jumeirah Street, Dubai"
"Tasjeel Al Barsha - 754","Umm Suqiem Street, Dubai"
"Sheikh Zayed Road","Sheikh Zayed Road"
"Mall of the Emirates -Sheikh Zayed Road","Al Barsha 1 - Sheikh Zayed Road- First floor, Dubai"
"Al Barsha Branch","Emirates NBD Building, Al Barsha 2, Dubai"
"Mall Of The Emirates, TA26 CL1","Al Barsha 1, Sheikh Zayed Road, Dubai"
"Mall of Emirates","Al Barsha 1, Sheikh Zayed Road, Dubai"
"Union Coop Barsha South","Street 58, Al Barsha South, Dubai"
"Emirates Mall Branch","Entrance C, Ground Floor, Mall of the Emirates, Al Barsha, Dubai"
"Emirates Mall Branch","Entrance C, Ground Floor, Mall of the Emirates, Al Barsha, Dubai"
"Novotel API Tower","Al Barsha 1, Sheikh Zayed Road"
"Union Coop Barsha Mall","Al Barsha 2, 24th Street, Dubai"
"Aswaaq Mall Al Barsha South","Al Barsha South - 100 Street, Dubai"
"Arabian Ranches","Emirates Road, Arabian Ranches Retail Centre, Dubai"
"City Speedway Supermarket, TECOM","Icon Tower, Barsha Heights"
"Union Coop Hessa","Al Barsha, Hessa Street , Dubai"
"Sofitel Dubai The Palm","The Palm Jumeirah East - Crescent Road, Dubai"
"Atlantis, The Royal","Crescent Road, Dubai"
"Al Salam Tower","Al Sufouh 2 - Sheikh Zayed Road, Dubai"
"Dubai Police Barsha South","Al Khail Road, Al Barsha South, Dubai"
"Green Plus Supermarket, TECOM","Al Rabeea' 1 St, Dubai"
"Al Kabayel, Barsha, Hessa Street","Barsha, Hessa Street, Dubai"
"The Greens Branch","Ground Floor, Onyx Tower 2, The Greens, Dubai"
"Nakheel Mall CDM","Palm Jumeirah, Dubai"
"Nakheel Mall ATM","Palm Jumeirah, Dubai"
"Circle Mall","Jumeirah Village Circle, Street 9, Dubai"
"AMSA-2","Jumeirah Village Circle, Lazuward North East street, Dubai"
"Atlantis Hotel","Palm Jumeirah, Atlantis Hotel, Dubai"
"Spinneys Layan","Spinneys Layan, Al Waha Road, Dubai"
"Golden Mile Galleria","Palm Jumeirah, Dubai"
"Al Reem, Emarat","Lehbab, Dubai-Hatta Road, Dubai"
"Atlantis ACCD Jumeirah Village","Al Khail Road, Dubai Investment Park, Dubai"
"Avani Palm View Dubai Hotel &amp; Suites","Dubai Media City - Al Sofouh 2,Al Burooj Street, Dubai"
"Spinneys Motorcity","Emirates Road, Next to Dubai Sports City, Near Arabian Ranches Area, Dubai"
"Shatha Tower - Dubai Media City","Al Sufouh 2 - Al Falak Street, Dubai"
"Dubai Media City Branch","CNBC Building 7, Dubai Media City, Dubai"
"Union Coop Motor City","Motor City, Detriot Street, Dubai"
"Emirates Golf Club","Sheikh Zayed Rd, Next to Emaar Business Park, Opposite DMC, Dubai"
"Samsung Gulf Electronics","Dubai Media City - Al Burooj Street, Dubai"
"MBC Media City Dubai","Al Suffoh, Al Majarrah Street, Dubai"
"DAMAC Hills 2 Community Center","Damac Hills 2, Dubai"
"Waitrose Motor city 2","Motor City, Dubai"
"Tasjeel Motor City","Detroit Road, Dubai"
"The Springs Souk","Springs, Al Asayel Street, Dubai"
"Dubai Sport City","Dubai Sport City, Dubai, United Arab Emirates"
"Tilal Al Ghaf","Tilal Al Ghaf, Hessa Street, Dubai"
"Grandiose Dubai Sport City","Dubai Sport City, Sheikh Mohammed Bin Zayed Road, Dubai"
"Aswaaq JVC","Jumeirah Village Circle, Dubai, United Arab Emirates"
"Skydive Dubai","Dubai Marina - Al Seyahi Street, Dubai"
"Grosvenor House Jumeirah Beach Hotel","Dubai Marina, Al Emreef Street, Dubai"
"Town Square Nshama","Town Square - Al Qudra Road, Dubai"
"The Marina Walk","Spinneys, Dubai Marina - Al Sufouh Rd, Dubai"
"Marinascape Mall","Dubai Marina, Al Tarres Street, Dubai"
"Jumeirah Bay X2, JLT","JLT, Sheikh Zayed Road, Dubai"
"Jumeirah Bay X3, JLT","JLT, Sheikh Zayed Road, Dubai"
"Meadows Town Centre- Emirates Hills","Emirates Hills - 1st Rd, Dubai"
"DAMAC Hills Mall","Damac Hills, Hessa Street, Dubai"
"Grandiose Supermarket Victory Heights","Dubai Sports City, Al Fay Road, Dubai"
"ADNOC Remraam 534","Remraam, Al Thammam, Hessa Street, Dubai"
"Meaisam City Centre","Dubai Production City - Shaikh Mohammed bin Zayed Road, Dubai"
"Jumeriah Zabeel Saray","The Palm Jumeirah, Crescent Road, Dubai"
"The ELS Club","Dubai Sport City, Dubai"
"Meadows The Town Centre","The Springs - Al Asayel Street, Dubai"
"Five Luxe Hotel","Dubai Marina, The Walk, Dubai"
"Dubai Marina Mall","Dubai Marina - Sheikh Zayed Road, Dubai"
"Raffles The Palm","West Cresent Palm, Jumeirah - Dubai"
"Jumeirah Beach Residence Branch","Unit No. GM07, Bahar The Walk, Jumeirah Beach Residence, Dubai"
"Meadows Village","Meadows - First Road, Dubai"
"Speedway Supermarket, Dubai Marina","Dubai Marina, Al Seba Street, Dubai"
"Safeer Market - Al Dhaid","Al Dhaid, Al Dhaid Road, Sharjah"
"Uptown Tower JLT","Al Khail Road, Dubai"
"Jumeirah Islands","Jumeirah Heights, First Al Khail Street, Dubai"
"Al Hamra Mall","Al Hamra Village, E11 Sheikh Muhammad Bin Salem Road, Ras Al Khaimah"
"Grandiose Supermarket Marina Promenade","King Salman Bin Abdulaziz Al Saud Street, Dubai"
"Centro Al Andalus","Jumeirah Golf Estates, Al Fay Road, Dubai"
"Jumeirah Lake Towers Branch","Ground Floor, Al Mas Tower, Jumeirah Lake Towers Area, Dubai"
"Dewa Jebel Ali","Jebel Ali, Sheikh Zayed Road, Dubai"
"Jumeirah Park Pavilion","Jumeirah Park, Al Asayel Street, Dubai"
"Jumeirah Park East Pavilion","Jumeirah Park, Al Worood 2 Street, Dubai"
"Tasjeel Discovery Gardens","Al Asayel Street, Dubai"
"ENOC 1017 Al Lisaili","Dubai Al Ain Road, Dubai, United Arab Emirates"
"Dewa Ibn Battuta","Jebel Ali Village - Sheikh Zayed Road, Dubai"
"Al Furjan Pavilion","Al Furjan, Dubai"
"Madina Market, Al Furjan","Jebel Ali Village, Al Furjan, Al Yalayis Street/ Jabel Ali- Al Hibab Road, Dubai"
"Souq Extra EWAN","Emirates Road, Near Green Community, Dubai Investment Park (DIP), Dubai"
"Ibn Battuta Mall Branch","Ground Floor, Persia Court, IBN Battuta Shopping Mall, Jebel Ali, Dubai"
"Dubai Investments","Dubai Investment Park, Dubai, United Arab Emirates"
"Oaks Ibn Battuta Gate Hotel","Jebel Ali Village - Sheikh Zayed Road, Dubai"
"ENOC 1025 Jebel Ali Village","Jebel Ali Village - Ibn Battuta Street, Dubai"
"Ibn Battuta Mall Branch","Ground Floor, Andalusia Court, IBN Battuta Shopping Mall, Jebel Ali, Dubai"
"Ibn Battuta, Emarat","Jabel Ali Village, Sheikh Zayed Road"
"ENOC 1042","Dubai Investment Park 2, Sheikh Zayed Bin Hamdan Al Nahyan Street"
"Nassem Al Madina Supermarket","Dubai Investment Park 2 - 40 Street, Dubai"
"Dubai Festival Plaza","Jebel Ali Village - Shaikh Zayed Road, Dubai"
"OSR Mall","DIP 1, Sheikh Mohammed Bin Zayed Road, Dubai"
"Crown Mall, Jebel Ali","Mina Jebel Ali - Jebel Ali Industrial, Dubai"
"Four Season Hotel Staff Residence","Jebel Ali Industrial - Al Asayel Street, Dubai"
"Hadeeqat Al Madina","Dubai Investment Park (DIP), E 77, Mina Jebel Ali, Dubai"
"Grand Hypermarket Jabelali Industrial First","Jabel Ali Industrial First, Dubai, United Arab Emirates"
"Hilal Al Madina SuperMarket","Dubai Investment Park (DIP), E 77, Mina Jebel Ali, Dubai"
"Jebel Ali Branch","Jebel Ali Free Zone, Next to CBD and HSBC"
"Expo City","Expo City, Boulevard 2020"
"EXPO 2020 Main Office","EXPO 2020 Area - Expo Road, Dubai"
"YIWU Market","Sheikh Mohammed Bin Zayed Road"
"JAFZA 15","N402, Dubai"
"Wosta, Emarat","Sharjah - Kalba Road"
"Tasjeel RAK Auto Village","Emirates Road, Ras Al Khaimah"
"Jebel Ali DPA Camp","JAFZA Near Gate No.7 - Sheikh Zayed Road - Mina Jebel Ali, Dubai"
"Ramez Hypermarket","Al Dhait South , Al Muhanad Road, Ras Al Khaimah"
"Jebel Ali Golf Resort","Entry from Gate No.7, Jebel Ali - Junction 9 - Mina Jebel Ali, Dubai"
"McDermott International","Near DPA Camp, Gate No.5, Jebel Ali FreeZone, Junction 5 - Mina Jebel Ali, Dubai"
"ADNOC Last Exit Al Qudra 547","Al Lisaili - Al Qudra Road, Dubai, United Arab Emirates"
"Jafza Commercial Center","Jebel Ali Industrial Area 2, Shaikh Zayed Road, Dubai"
"Al Hassa, Emarat","Sheikh Zayed Road"
"RAK Mall","Al Khuzam Road, Ras Al Khaimah"
"Nesto Al Safa Mall","Al Khuzam ,Sheikh Abdullah Bin Mohammed Road, Ras Al Khaimah"
"Bab Al Shams Hotel","40KM from Arabian Ranches Roundabout towards Abu Dhabi, E 77, Dubai"
"Ras Al-Khaimah Corniche Branch","Yousef Obaid Al Neaimi Building, Corniche Street, Ras Al-Khaimah"
"International Humanitarian City","Dubai Industrial City - Sheik Mohammed Bin Zayed Road, Dubai"
"ENOC 1008","Jabel Ali, Sheikh Zayed Road, Dubai"
"Sapphire Mall","Dubai Industrial City, Dubai"
"ENOC 1057 Dubai Industrial City","Dubai Industrial City - Shaikh Mohammed bin Zayed Road, Dubai"
"ADNOC Seih Shuaib 953","Al Layyan, Sheikh Maktoum Bin Rashid Road, Abu Dhabi"
"ADNOC Seih Al Sedirah West 724","Al Layyan, Sheikh Mohammed Bin Rashed Al Maktoum Road, Abu Dhabi"
"ADNOC Seih Al Sedirah East 723","Al Layyan, Sheikh Mohammed Bin Rashed Al Maktoum Road, Abu Dhabi"
"Safeer Market Dibba","Dibba Al Fujairah - Hamad Bin Abdullah Road, Fujairah"
"Hatta Souk","Dubai Hatta Road, Dubai"
"Al Ras, Emarat","Al Ras, Sheikh Zayed Bin Sultan Al Nahyan Road, Fujairah"
"Fujairah City Centre","Dibba Road, Fujairah"
"Khorfakkan Corniche","Hayawa 3, Corniche Street"
"ADNOC Wadi Mai 615","Al Hayl Industrial Area, Sheikh Khalifa Bin Zayed Road, Fujairah"
"ADNOC Al Jurf 666","Al Smeeh, Sheikh Maktoum Bin Rashid Road, Abu Dhabi"
"Fujairah Main Branch","Sheikh Hamad Bin Abdullah Street, Town Centre 3, Fujairah,Opposite Al Diar Siji Hotel, Fujairah"
"Hatta Branch","Emirates NBD Building, opposite Hatta Hotel, Dubai-Hatta Road, Dubai"
"ENOC 1505 Faseel","Near Corniche Area Al Faseel, Rugaylat Road, Fujairah, United Arab Emirates"
"Al Qurm, Emarat","Al Ghail 7, Hamza Bin Abdulmotalib Street, Sharjah"
"ADNOC Samha South West 888","Al Samha, Sheikh Maktoum Bin Rashid Road, Abu Dhabi"
"ADNOC Samha South East 887","Al Samha, Sheikh Maktoum Bin Rashid Road, Abu Dhabi"
"Al Rahba Hospital","Al Rahba, Sheikh Maktoum bin Rashid Road, Abu Dhabi"
"ADNOC Qutouf 165","Al Rahba, Old Al Rahba, Al Kiram Street, Abu Dhabi"
"Al Foah Mall","Al Foah, Abu Obayda Bin Al Jarrah Street, Al Ain"
"Ramez Al Shahama","Al Bahiya - 17th St Shahama, Abu Dhabi, United Arab Emirates"
"ADNOC New Shahama 117","Al Shahama, Sheikh Maktoum bin Rashid Road, Abu Dhabi"
"ADNOC Shahama 861","New Shahamah, Sheikh Zayed Bin Sultan Street, Abu Dhabi"
"Deerfields Mall","Al Bahyah, Sheikh Zayed Bin Sultan Street, Abu Dhabi"
"Deerfields Mall Branch","Lower Ground Floor, Deerfields Mall, Albahiya Street, Abu Dhabi"
"ADNOC Al Widayhi 166","Al Bahyah, Sheikh Zayed Bin Sultan Street, Abu Dhabi"
"Al Falah Village 3","Al Falah, Al Kouwthar Street, Abu Dhabi"
"Grand Mart Masoudi","Al Masoudi, Tahnoun Bin Mohammed Al Nahyan Street, Al Ain"
"Hili Mall","Hili, Bani Yas Street, Al Ain"
"ENOC 1702","Al Reef, Al Adaed Street, Abu Dhabi"
"Al Falah Central Mall","Al Falah, Al Khayr Street, Abu Dhabi"
"ADNOC Al Yahar 853","Al Aamerah, Al Aamerah Street, Al Ain"
"Sea World Abu Dhabi","Yas Island, Al Maha Street, Abu Dhabi"
"ADNOC Yas North 688","Yas North, Sheikh Khalifa Bin Zayed Street, Abu Dhabi"
"Yas Mall","Yas Island, Shaikh Khalifah Bin Zayed Al Nahyan Road, Abu Dhabi"
"Yas Water World","Yas Island, Yas Drive, Abu Dhabi"
"Ferrari World","Yas Island, Al Maha Street, Abu Dhabi"
"Al Shamkha Mall","Al Shamkhah, Al Fitnah Street, Abu Dhabi"
"Al Jimi Mall","Al Jimi, Hamdan Bin Mohammad Street, Al Ain"
"Al Ain Main Branch - Hazza Bin Zayed Stadium","Unit 4B, Ground floor, Hazza bin Zayed Stadium- Al Ain"
"Yas Mall Branch","G Floor, Yas Mall, Yas Island, Abu Dhabi"
"Warner Bros. World","Yas Island, Yas Drive, Abu Dhabi"
"Zayed International Airport, Arrival","Abu Dhabi Airport, Sheikh Zayed Bin Sultan Street"
"Al Ain Khalifa Street Branch","Sheikh Khalifa Bin Zayed St, (in front of Burjeel Hospital), Al Ain"
"Makani Al Shamkha Mall","Al Shamkha, Al Tasmeeh Street, Abu Dhabi"
"Al Ansari Exchange Arabia Center","Al Mutaredh, Al Baladiyah Street, Al Ain"
"ADNOC Bawabat Al Riyadh 313","Al Riyadh City, Al Khayr Street, Abu Dhabi"
"LuLu Hypermarket, Kuwaitat","Central District, Shakhboot Bin Sultan Street, Al Ain"
"ADNOC Al Mutaredh 939","Al Mu'tarid, Shaikh Zayed Bin Sultan Street, Al Ain"
"Hilton Abu Dhabi, Yas Island","Yas Island, Yas Dr, Abu Dhabi"
"My City Center Masdar","Masdar City, Abu Dhabi, United Arab Emirates"
"Lulu Al Maqam","Al Maqam, Al Wafa Street, Al Ain"
"Al Fair","Bida Bin Ammar – Al Azhar Street, Al Ain"
"Al Ain Mall","Al Murabaa, Othman Bin Affan Street, Al Ain"
"ADNOC Shabiyat Al Maqam 309","Al Maqam, Shakhbout Bin Sultan Street, Al Ain"
"ADNOC Mouzaz South 312","Al Riyadh City, Sheikh Mohammed Bin Rashid Al Maktoum Road, Abu Dhabi"
"ADNOC Shawamekh South East 754","Al Shawamekh, Sheikh Maktoum Bin Rashid Road, Abu Dhabi"
"LuLu Hypermarket, Sanaiya","Industrial Area, Hessa Bint Mohamed Street, Al Ain"
"Al Ain Traffic Department","Falaj Hazza, Zayed The First street, Al Ain"
"The Courtyard Mall","Madinat Al Riyad, Al Ghayth Street, Abu Dhabi"
"Grandiose C11","Al Rahah, Al Rahah Street, Abu Dhabi"
"ADNOC Khalifa City 766","Khalifa City, Al Khaleej Al Arabi Street, Abu Dhabi"
"Royal Gulf Hypermarket Shakhbout City","Shakhbout City, MFW20, Al Turoush Street, Abu Dhabi"
"Grand Mart Ghnaymah","Ghnaymah, Ghnaymah Street, Al Ain"
"Central Mall","Khalifa City, Al Ghioum Street, Abu Dhabi"
"The Grocer Supermarket","Khalifa City - Al Jenan Road, Abu Dhabi"
"Shawamekh Central Mall","Al Shawamekh, Al Shawamekh Street, Abu Dhabi"
"Forsan Central Mall","Abdulrahman Bin 'Awf Street, Khalifa City,  Basement Floor, Abu Dhabi"
"Waitrose Khalifa City","Khalifa City, Theyab Bin Eissa Street, Abu Dhabi"
"Spinneys Al Forsan","Khalifa City, Al Forsan Street, Abu Dhabi"
"Abu Dhabi Golf Club","Khalifa City, Al Mustaqbal Street, Abu Dhabi"
"Madinati Mall","Shakhbout City, Sheikh Maktoum Bin Rashid Road, Abu Dhabi"
"Shams Boutik","Al Reem Island, Abu Dhabi"
"Reem Mall Branch","L1, Reem Mall, Al Reem Island, Abu Dhabi"
"Cleveland Hospital","AL Maryah Island, 59 Hamouda Bin Ali Al Dhaheri Street, Abu Dhabi"
"Sarab Community Market","Baniyas, Al Muwaiji Street, Abu Dhabi"
"Al Seef Village Mall","Al Muntazah, Al Murouj Street, Abu Dhabi"
"Sheikh Shakhbout Medical City","Shakhbout City, Sheikh Maktoum Bin Rashid Street, Abu Dhabi"
"Al Qana, Abu Dhabi","Rabdan, Al Khor Street, Abu Dhabi"
"Fish Market Al Mina","Zayed Port, Al Teelah Street, Abu Dhabi"
"Makani Zakher Shopping Centre","Ni'mah, Ni'mah Road, Al Ain"
"The Galleria Al Maryah Island","Al Maryah Island, Hamouda bin Ali Al Dhaheri Street, Abu Dhabi"
"Mazyad Mall","Mohamed Bin Zayed City, 28th Street, Abu Dhabi"
"Integrated Transport Centre HQ","Rabdan, Al Khor Street, Abu Dhabi"
"Al Ansari Exchange, Al Zahiyah TCA Branch","Al Zahiyah, E16, Al Zahiyah Street,Abu Dhabi"
"Grandiose Waterfront","Al Zahiyah, Hamed Bin Butti Al Qubaisi Street, Abu Dhabi"
"ADNOC Baniyas East 199","Baniyas East 8, Al Qadah Street, Abu Dhabi"
"Al Maqtaa Mall","Rabdan, Bawabat Abu Dhabi Street, Abu Dhabi"
"ADNOC Jabal Hafeet 640","Ain Al Faydah, Jabal Hafeet Street, Al Ain"
"ENBD RBS - Abu Dhabi - Khalifa Park Tower","Ministry Complex, Abu Dhabi"
"ADNOC Al Maha 924","Al Zahiyah, Al Meena Street, Abu Dhabi"
"Bawabat Al Sharq Mall","Baniyas, Al Zoud Street, Abu Dhabi"
"Al Ansari Exchange, Hamdan Street Branch","Al Zahiyah, E13, Hamdan Bin Mohammed Street, Abu Dhabi"
"Tourist Club Branch","Ground Floor, Al Balooshi Tower, Zayed The Second St, Abu Dhabi"
"ADNOC Mahawi North 163","Zayed City, Al Ain Road, Abu Dhabi"
"Belhasa Global Exchange - Al Danah","Al Danah, East 9-02, Hamdan Street, Abu Dhabi"
"Al Wathba Mall","Al Wathba, Al Wathba South, Al Razfah Street, Abu Dhabi"
"The Village Mall","Musaffah, Street 12, Abu Dhabi"
"Al Mariah Mall","Al Danah, Saeed Bin Ahmed Al Otaiba Street, Abu Dhabi"
"Big Mart Hypermarket Electra","AL Danah, Zayed The First Street, Abu Dhabi"
"Al Maya Supermarket Electra Tower","Al Danah, Zayed The First Street, Abu Dhabi"
"Big Mart Hypermarket, Al Najda Street","Al Dana, Saeed Bin Ahmed Al Otaiba Street, Abu Dhabi"
"Al Muroor Branch","New Airport Road, Muroor, Abu Dhabi"
"Abu Dhabi Main office Branch","Ground floor, Capital Plaza tower, Abu Dhabi"
"Carrefour Airport Road","Al Rawdah, Sheikh Rashid Bin Saeed Street, Abu Dhabi"
"Baniyas Center","Baniyas East 9, Bani Yas Street, Abu Dhabi"
"ADNOC Mahawi 917","Mohamed Bin Zayed City, Al Ain Road, Abu Dhabi"
"Burjeel Medical City","Mohamed Bin Zayed City, 28th Street, Abu Dhabi"
"General Pension and Social Security Authority","Airport Road, Behind General Civil Aviation Authority, Saif Ghubash Street, Abu Dhabi, United Arab Emirates"
"International Tower","Al Rawdah, President Joko Widodo Street, Abu Dhabi"
"The Mall World Trade Centre","Al Danah, Sheikh Rashid Bin Saeed Al Maktoum Street, Abu Dhabi"
"Electra Street Branch","Electra Street Branch, Al Owais Building - Shaikh Zayed Second Street - near LLH Hospital - Al Danah - Zone 1 - Abu Dhabi"
"Big Mart Hypermarket Hamdan Street","Al Danah, Hamdan Bin Mohammed street, Abu Dhabi"
"Dusit Thani Hotel Abu Dhabi","Al Nahyan, Sultan Bin Zayed The First Street, Abu Dhabi"
"Al Wahda Mall","Al Nahyan, East 19, Hazza Bin Zayed The First Street, Abu Dhabi"
"ADNOC Al Zaafarana 973","Al Zafrana, Sultan Bin Zayed the First Street, Abu Dhabi"
"Khalifa Branch","Ground Floor, Al Neem Building, Shaikh Khalifa street, Abu Dhabi"
"Al Wahda Mall","Al Nahyan, Sheikh Rashid Bin Saeed Street, Abu Dhabi"
"Al Safeer Centre","Mohammed Bin Zayed City, Al Rawdah Road, Abu Dhabi"
"Abu Dhabi Police Departments Complex","Al Saadah, Al Dhafra Street, Abu Dhabi"
"Madinat Zayed Shopping Center","Al Danah, Sultan Bin Zayed The First Street, Abu Dhabi"
"Abu Dhabi National Exhibition Centre (ADNEC)","Al Rawdah, President Joko Widodo Street, Abu Dhabi"
"ENOC 1707, Mbazzarah","Jabel Hafeet, Hazza Bin Sultan Street, Al Ain"
"Khalidiya Branch","Nayel and bin Harmal Tower, Zayed 1st Street, Al Khalidiya Area, Abu Dhabi"
"Mushrif Mall","Al Zafranah,Third Floor, Sheikh Rashid Bin Saeed Street, Abu Dhabi"
"Big Mart Hypermarket Mussafah 38","Mussafah, Mussafah 38, 13th Street, Abu Dhabi"
"ADNOC Al Taawun 919","Al Manhal, Sheikh Rashid Bin Saeed Street, Abu Dhabi"
"Sheikh Khalifa Medical City","Al Manhal , Al Karamah Street, Abu Dhabi"
"Mussafah City Hypermarket","Mussafah,M-17, Ath Thiqah 1 Street, Abu Dhabi"
"My Town Centre","Mohammed Bin Zayed City, Al Iffah Street, Abu Dhabi"
"Big Mart Hypermarket Khalidiyah","Al Hisn, W4, Al Yahar Street, Abu Dhabi"
"Khalidiyah Mall","Al Khalidiyah, Mubarak Bin Mohammed Street, Abu Dhabi"
"Mafraq Centre","Al Mafraq Workers City, Abu Dhabi, United Arab Emirates"
"Dalma Mall CDM","Abu Dhabi Industrial City, ICAD I, Al Wazn Street, Abu Dhabi"
"ADNOC Al Mushrif 971","Al Mushrif, Al Khaleej Al Arabi Street, Abu Dhabi"
"Al Mushrif COOP","Al Khaleej Al Arabi Street, Abu Dhabi"
"Dalma Mall Branch","Shop Nos. GR-133 & GR 134, Ground Floor, Dalma Mall, Mussafah Area, Abu Dhabi"
"ADNOC Al Karamah 671","Al Manhal, Al Falah Street, Abu Dhabi"
"Lala Hypermarket","16th Street, Near Mussafah Industrial Area, Abu Dhabi"
"ADNOC Umm Ghafa 446","Um Ghafah, Um Ghafah Road, Al Ain"
"Sheikh Zayed Festival ATM 3","Al Wathba, Al Wathba Street, Abu Dhabi"
"Sheikh Zayed Festival ATM 2","Al Wathba, Al Wathba Street, Abu Dhabi"
"Sheikh Zayed Festival ATM 1","Al Wathba, Al Wathba Street, Abu Dhabi"
"Marina Mall","18th St, Near Marina Village, Abu Dhabi"
"ADNOC Abu Al Abyed 893","Abu Al Abyad, Sheikh Khalifa Bin Zayed Al Nahyan International Road, Abu Dhabi"
"Big Mart Hypermarket Madinat Zayed","Al Dhafra, Zayed City, Suqya Street, Abu Dhabi"
"Ghayathi Mall","Ghayathi - Ruwais Street, Abu Dhabi"